NUTS3;CODE
'TR521';'42005'
'TR521';'42010'
'TR521';'42020'
'TR521';'42030'
'TR521';'42040'
'TR521';'42050'
'TR521';'42060'
'TR521';'42070'
'TR521';'42080'
'TR521';'42090'
'TR521';'42100'
'TR521';'42110'
'TR521';'42132'
'TR521';'42140'
'TR521';'42208'
'TR521';'42250'
'TR521';'42280'
'TR521';'42285'
'TR521';'42290'
'TR521';'42310'
'TR521';'42320'
'TR521';'42325'
'TR521';'42335'
'TR521';'42345'
'TR521';'42350'
'TR521';'42355'
'TR521';'42360'
'TR521';'42363'
'TR521';'42365'
'TR521';'42370'
'TR521';'42380'
'TR521';'42385'
'TR521';'42390'
'TR521';'42395'
'TR521';'42400'
'TR521';'42415'
'TR521';'42420'
'TR521';'42425'
'TR521';'42430'
'TR521';'42440'
'TR521';'42450'
'TR521';'42460'
'TR521';'42470'
'TR521';'42480'
'TR521';'42482'
'TR521';'42484'
'TR521';'42485'
'TR521';'42490'
'TR521';'42500'
'TR521';'42502'
'TR521';'42508'
'TR521';'42509'
'TR521';'42510'
'TR521';'42515'
'TR521';'42520'
'TR521';'42530'
'TR521';'42533'
'TR521';'42534'
'TR521';'42535'
'TR521';'42536'
'TR521';'42537'
'TR521';'42538'
'TR521';'42550'
'TR521';'42560'
'TR521';'42580'
'TR521';'42581'
'TR521';'42582'
'TR521';'42583'
'TR521';'42584'
'TR521';'42585'
'TR521';'42586'
'TR521';'42587'
'TR521';'42600'
'TR521';'42603'
'TR521';'42605'
'TR521';'42610'
'TR521';'42613'
'TR521';'42615'
'TR521';'42620'
'TR521';'42625'
'TR521';'42630'
'TR521';'42635'
'TR521';'42645'
'TR521';'42650'
'TR521';'42655'
'TR521';'42670'
'TR521';'42690'
'TR521';'42696'
'TR521';'42698'
'TR521';'42700'
'TR521';'42710'
'TR521';'42715'
'TR521';'42720'
'TR521';'42730'
'TR521';'42740'
'TR521';'42760'
'TR521';'42770'
'TR521';'42773'
'TR521';'42774'
'TR521';'42775'
'TR521';'42777'
'TR521';'42780'
'TR521';'42790'
'TR521';'42800'
'TR521';'42810'
'TR521';'42815'
'TR521';'42825'
'TR521';'42830'
'TR521';'42835'
'TR521';'42840'
'TR521';'42845'
'TR521';'42850'
'TR521';'42855'
'TR521';'42860'
'TR521';'42865'
'TR521';'42870'
'TR521';'42875'
'TR521';'42880'
'TR521';'42885'
'TR521';'42890'
'TR521';'42900'
'TR521';'42910'
'TR521';'42915'
'TR521';'42920'
'TR521';'42930'
'TR521';'42936'
'TR521';'42940'
'TR521';'42950'
'TR521';'42960'
'TR521';'42965'
'TR521';'42968'
'TR521';'42970'
'TR521';'42980'
'TR521';'99010'
'TR622';'33100'
'TR622';'33110'
'TR622';'33115'
'TR622';'33120'
'TR622';'33130'
'TR622';'33140'
'TR622';'33150'
'TR622';'33160'
'TR622';'33200'
'TR622';'33220'
'TR622';'33230'
'TR622';'33240'
'TR622';'33250'
'TR622';'33285'
'TR622';'33315'
'TR622';'33325'
'TR622';'33330'
'TR622';'33335'
'TR622';'33340'
'TR622';'33400'
'TR622';'33410'
'TR622';'33420'
'TR622';'33430'
'TR622';'33440'
'TR622';'33450'
'TR622';'33460'
'TR622';'33470'
'TR622';'33480'
'TR622';'33500'
'TR622';'33530'
'TR622';'33580'
'TR622';'33590'
'TR622';'33600'
'TR622';'33630'
'TR622';'33640'
'TR622';'33645'
'TR622';'33660'
'TR622';'33700'
'TR622';'33705'
'TR622';'33710'
'TR622';'33715'
'TR622';'33720'
'TR622';'33730'
'TR622';'33750'
'TR622';'33760'
'TR622';'33770'
'TR622';'33780'
'TR622';'33790'
'TR622';'33830'
'TR622';'33835'
'TR622';'33836'
'TR622';'33840'
'TR622';'33875'
'TR622';'33900'
'TR622';'33920'
'TR622';'33940'
'TR622';'33948'
'TR622';'33950'
'TR622';'33960'
'TR622';'33980'
'TR622';'33990'
'TR714';'50000'
'TR714';'50040'
'TR714';'50100'
'TR714';'50130'
'TR714';'50140'
'TR714';'50160'
'TR714';'50170'
'TR714';'50180'
'TR714';'50200'
'TR714';'50210'
'TR714';'50220'
'TR714';'50230'
'TR714';'50240'
'TR714';'50260'
'TR714';'50300'
'TR714';'50350'
'TR714';'50400'
'TR714';'50500'
'TR714';'50530'
'TR714';'50600'
'TR714';'50650'
'TR714';'50700'
'TR714';'50706'
'TR714';'50760'
'TR714';'50800'
'TR714';'50840'
'TR714';'50860'
'TR714';'50900'
'TR812';'78000'
'TR812';'78020'
'TR812';'78050'
'TR812';'78300'
'TR812';'78400'
'TR812';'78500'
'TR812';'78600'
'TR812';'78610'
'TR812';'78700'
'TR833';'19000'
'TR833';'19020'
'TR833';'19030'
'TR833';'19040'
'TR833';'19060'
'TR833';'19070'
'TR833';'19100'
'TR833';'19200'
'TR833';'19300'
'TR833';'19310'
'TR833';'19400'
'TR833';'19410'
'TR833';'19500'
'TR833';'19600'
'TR833';'19700'
'TR833';'19800'
'TR833';'19900'
'TR833';'19950'
'TR833';'99300'
'TR833';'99320'
'TR833';'99350'
'TR833';'99360'
'TR833';'99370'
'TR833';'99375'
'TR833';'99380'
'TR833';'99390'
'TR833';'99640'
'TR833';'99645'
'TR905';'08000'
'TR905';'08100'
'TR905';'08200'
'TR905';'08290'
'TR905';'08300'
'TR905';'08390'
'TR905';'08400'
'TR905';'08490'
'TR905';'08500'
'TR905';'08590'
'TR905';'08600'
'TR905';'08610'
'TR905';'08690'
'TR905';'08700'
'TR905';'08790'
'TR905';'08800'
'TR905';'08890'
'TRA23';'76000'
'TRA23';'76400'
'TRA23';'76410'
'TRA23';'76420'
'TRA23';'76500'
'TRA23';'76700'
'TRA23';'76900'
'TRB21';'65030'
'TRB21';'65040'
'TRB21';'65090'
'TRB21';'65100'
'TRB21';'65130'
'TRB21';'65140'
'TRB21';'65150'
'TRB21';'65170'
'TRB21';'65210'
'TRB21';'65220'
'TRB21';'65250'
'TRB21';'65300'
'TRB21';'65400'
'TRB21';'65440'
'TRB21';'65450'
'TRB21';'65500'
'TRB21';'65510'
'TRB21';'65570'
'TRB21';'65600'
'TRB21';'65700'
'TRB21';'65710'
'TRB21';'65800'
'TRB21';'65804'
'TRB21';'65830'
'TRB21';'65870'
'TRB21';'65900'
'TRB21';'65970'
'TRC21';'27070'
'TRC21';'27715'
'TRC21';'30400'
'TRC21';'63000'
'TRC21';'63040'
'TRC21';'63050'
'TRC21';'63100'
'TRC21';'63200'
'TRC21';'63210'
'TRC21';'63250'
'TRC21';'63290'
'TRC21';'63300'
'TRC21';'63310'
'TRC21';'63320'
'TRC21';'63330'
'TRC21';'63340'
'TRC21';'63400'
'TRC21';'63420'
'TRC21';'63500'
'TRC21';'63510'
'TRC21';'63570'
'TRC21';'63600'
'TRC21';'63614'
'TRC21';'63615'
'TRC21';'63700'
'TRC21';'63800'
'TRC21';'63820'
'TRC21';'63850'
'TRC21';'63900'
'TRC21';'63950'
'TRC21';'63970'
'TRC21';'63986'
'TR100';'34010'
'TR100';'34015'
'TR100';'34020'
'TR100';'34025'
'TR100';'34035'
'TR100';'34040'
'TR100';'34045'
'TR100';'34050'
'TR100';'34055'
'TR100';'34060'
'TR100';'34065'
'TR100';'34070'
'TR100';'34075'
'TR100';'34076'
'TR100';'34077'
'TR100';'34080'
'TR100';'34083'
'TR100';'34087'
'TR100';'34091'
'TR100';'34093'
'TR100';'34096'
'TR100';'34098'
'TR100';'34104'
'TR100';'34107'
'TR100';'34110'
'TR100';'34112'
'TR100';'34116'
'TR100';'34120'
'TR100';'34122'
'TR100';'34126'
'TR100';'34130'
'TR100';'34134'
'TR100';'34140'
'TR100';'34142'
'TR100';'34145'
'TR100';'34146'
'TR100';'34147'
'TR100';'34149'
'TR100';'34153'
'TR100';'34158'
'TR100';'34160'
'TR100';'34164'
'TR100';'34165'
'TR100';'34173'
'TR100';'34180'
'TR100';'34182'
'TR100';'34183'
'TR100';'34186'
'TR100';'34188'
'TR100';'34192'
'TR100';'34194'
'TR100';'34196'
'TR100';'34197'
'TR100';'34200'
'TR100';'34203'
'TR100';'34204'
'TR100';'34209'
'TR100';'34210'
'TR100';'34212'
'TR100';'34214'
'TR100';'34218'
'TR100';'34220'
'TR100';'34225'
'TR100';'34230'
'TR100';'34235'
'TR100';'34240'
'TR100';'34245'
'TR100';'34250'
'TR100';'34255'
'TR100';'34260'
'TR100';'34265'
'TR100';'34270'
'TR100';'34275'
'TR100';'34281'
'TR100';'34283'
'TR100';'34285'
'TR100';'34287'
'TR100';'34290'
'TR100';'34295'
'TR100';'34303'
'TR100';'34307'
'TR100';'34310'
'TR100';'34315'
'TR100';'34320'
'TR100';'34325'
'TR100';'34330'
'TR100';'34335'
'TR100';'34337'
'TR100';'34340'
'TR100';'34342'
'TR100';'34345'
'TR100';'34347'
'TR100';'34349'
'TR100';'34353'
'TR100';'34357'
'TR100';'34360'
'TR100';'34363'
'TR100';'34365'
'TR100';'34367'
'TR100';'34371'
'TR100';'34373'
'TR100';'34375'
'TR100';'34377'
'TR100';'34379'
'TR100';'34380'
'TR100';'34381'
'TR100';'34382'
'TR100';'34384'
'TR100';'34387'
'TR100';'34394'
'TR100';'34396'
'TR100';'34398'
'TR100';'34400'
'TR100';'34403'
'TR100';'34406'
'TR100';'34408'
'TR100';'34410'
'TR100';'34413'
'TR100';'34415'
'TR100';'34418'
'TR100';'34421'
'TR100';'34425'
'TR100';'34427'
'TR100';'34430'
'TR100';'34433'
'TR100';'34435'
'TR100';'34437'
'TR100';'34440'
'TR100';'34445'
'TR100';'34450'
'TR100';'34453'
'TR100';'34457'
'TR100';'34460'
'TR100';'34464'
'TR100';'34467'
'TR100';'34470'
'TR100';'34473'
'TR100';'34480'
'TR100';'34488'
'TR100';'34490'
'TR100';'34494'
'TR100';'34500'
'TR100';'34510'
'TR100';'34513'
'TR100';'34515'
'TR100';'34517'
'TR100';'34520'
'TR100';'34522'
'TR100';'34524'
'TR100';'34528'
'TR100';'34530'
'TR100';'34535'
'TR100';'34537'
'TR100';'34538'
'TR100';'34540'
'TR100';'34545'
'TR100';'34550'
'TR100';'34555'
'TR100';'34557'
'TR100';'34560'
'TR100';'34562'
'TR100';'34570'
'TR100';'34580'
'TR100';'34582'
'TR100';'34584'
'TR100';'34590'
'TR100';'34660'
'TR100';'34662'
'TR100';'34664'
'TR100';'34668'
'TR100';'34672'
'TR100';'34674'
'TR100';'34676'
'TR100';'34680'
'TR100';'34682'
'TR100';'34684'
'TR100';'34688'
'TR100';'34690'
'TR100';'34692'
'TR100';'34696'
'TR100';'34699'
'TR100';'34700'
'TR100';'34704'
'TR100';'34707'
'TR100';'34710'
'TR100';'34714'
'TR100';'34716'
'TR100';'34718'
'TR100';'34720'
'TR100';'34722'
'TR100';'34724'
'TR100';'34726'
'TR100';'34728'
'TR100';'34730'
'TR100';'34732'
'TR100';'34734'
'TR100';'34736'
'TR100';'34738'
'TR100';'34740'
'TR100';'34742'
'TR100';'34744'
'TR100';'34746'
'TR100';'34750'
'TR100';'34752'
'TR100';'34755'
'TR100';'34758'
'TR100';'34760'
'TR100';'34762'
'TR100';'34764'
'TR100';'34766'
'TR100';'34768'
'TR100';'34771'
'TR100';'34773'
'TR100';'34774'
'TR100';'34775'
'TR100';'34776'
'TR100';'34779'
'TR100';'34782'
'TR100';'34785'
'TR100';'34788'
'TR100';'34791'
'TR100';'34794'
'TR100';'34799'
'TR100';'34800'
'TR100';'34805'
'TR100';'34810'
'TR100';'34815'
'TR100';'34820'
'TR100';'34825'
'TR100';'34829'
'TR100';'34830'
'TR100';'34840'
'TR100';'34841'
'TR100';'34843'
'TR100';'34844'
'TR100';'34846'
'TR100';'34848'
'TR100';'34852'
'TR100';'34854'
'TR100';'34858'
'TR100';'34860'
'TR100';'34862'
'TR100';'34865'
'TR100';'34870'
'TR100';'34873'
'TR100';'34876'
'TR100';'34880'
'TR100';'34882'
'TR100';'34885'
'TR100';'34887'
'TR100';'34888'
'TR100';'34890'
'TR100';'34893'
'TR100';'34896'
'TR100';'34899'
'TR100';'34903'
'TR100';'34906'
'TR100';'34909'
'TR100';'34912'
'TR100';'34916'
'TR100';'34920'
'TR100';'34925'
'TR100';'34930'
'TR100';'34935'
'TR100';'34940'
'TR100';'34944'
'TR100';'34947'
'TR100';'34950'
'TR100';'34953'
'TR100';'34956'
'TR100';'34970'
'TR100';'34973'
'TR100';'34975'
'TR100';'34977'
'TR100';'34980'
'TR100';'34990'
'TR211';'59000'
'TR211';'59010'
'TR211';'59020'
'TR211';'59030'
'TR211';'59050'
'TR211';'59060'
'TR211';'59100'
'TR211';'59200'
'TR211';'59300'
'TR211';'59310'
'TR211';'59315'
'TR211';'59320'
'TR211';'59400'
'TR211';'59410'
'TR211';'59500'
'TR211';'59510'
'TR211';'59520'
'TR211';'59530'
'TR211';'59560'
'TR211';'59570'
'TR211';'59600'
'TR211';'59610'
'TR211';'59700'
'TR211';'59740'
'TR211';'59750'
'TR211';'59760'
'TR211';'59800'
'TR211';'59850'
'TR211';'59860'
'TR211';'59870'
'TR211';'59880'
'TR211';'59930'
'TR211';'59950'
'TR212';'22020'
'TR212';'22030'
'TR212';'22100'
'TR212';'22130'
'TR212';'22200'
'TR212';'22260'
'TR212';'22300'
'TR212';'22360'
'TR212';'22400'
'TR212';'22420'
'TR212';'22490'
'TR212';'22500'
'TR212';'22530'
'TR212';'22560'
'TR212';'22580'
'TR212';'22600'
'TR212';'22610'
'TR212';'22670'
'TR212';'22680'
'TR212';'22700'
'TR212';'22750'
'TR212';'22770'
'TR212';'22800'
'TR212';'22880'
'TR212';'22900'
'TR212';'22950'
'TR212';'22970'
'TR221';'10010'
'TR221';'10020'
'TR221';'10030'
'TR221';'10040'
'TR221';'10043'
'TR221';'10050'
'TR221';'10085'
'TR221';'10095'
'TR221';'10100'
'TR221';'10110'
'TR221';'10140'
'TR221';'10160'
'TR221';'10180'
'TR221';'10185'
'TR221';'10190'
'TR221';'10195'
'TR221';'10200'
'TR221';'10245'
'TR221';'10250'
'TR221';'10280'
'TR221';'10300'
'TR221';'10305'
'TR221';'10325'
'TR221';'10330'
'TR221';'10360'
'TR221';'10365'
'TR221';'10390'
'TR221';'10395'
'TR221';'10400'
'TR221';'10405'
'TR221';'10410'
'TR221';'10425'
'TR221';'10440'
'TR221';'10443'
'TR221';'10460'
'TR221';'10463'
'TR221';'10470'
'TR221';'10480'
'TR221';'10490'
'TR221';'10500'
'TR221';'10510'
'TR221';'10525'
'TR221';'10530'
'TR221';'10560'
'TR221';'10565'
'TR221';'10580'
'TR221';'10590'
'TR221';'10600'
'TR221';'10610'
'TR221';'10660'
'TR221';'10680'
'TR221';'10700'
'TR221';'10715'
'TR221';'10730'
'TR221';'10770'
'TR221';'10775'
'TR221';'10780'
'TR221';'10785'
'TR221';'10800'
'TR221';'10840'
'TR221';'10870'
'TR221';'10900'
'TR221';'10940'
'TR221';'10975'
'TR222';'17000'
'TR222';'17020'
'TR222';'17100'
'TR222';'17110'
'TR222';'17200'
'TR222';'17340'
'TR222';'17360'
'TR222';'17400'
'TR222';'17410'
'TR222';'17500'
'TR222';'17550'
'TR222';'17560'
'TR222';'17600'
'TR222';'17610'
'TR222';'17680'
'TR222';'17700'
'TR222';'17720'
'TR222';'17760'
'TR222';'17800'
'TR222';'17810'
'TR222';'17820'
'TR222';'17860'
'TR222';'17900'
'TR222';'17950'
'TR222';'17980'
'TR310';'35030'
'TR310';'35040'
'TR310';'35050'
'TR310';'35060'
'TR310';'35070'
'TR310';'35080'
'TR310';'35090'
'TR310';'35100'
'TR310';'35110'
'TR310';'35120'
'TR310';'35130'
'TR310';'35140'
'TR310';'35150'
'TR310';'35160'
'TR310';'35170'
'TR310';'35180'
'TR310';'35190'
'TR310';'35210'
'TR310';'35220'
'TR310';'35230'
'TR310';'35240'
'TR310';'35250'
'TR310';'35260'
'TR310';'35270'
'TR310';'35280'
'TR310';'35290'
'TR310';'35310'
'TR310';'35320'
'TR310';'35330'
'TR310';'35370'
'TR310';'35380'
'TR310';'35390'
'TR310';'35395'
'TR310';'35400'
'TR310';'35410'
'TR310';'35415'
'TR310';'35425'
'TR310';'35430'
'TR310';'35460'
'TR310';'35465'
'TR310';'35470'
'TR310';'35472'
'TR310';'35473'
'TR310';'35474'
'TR310';'35475'
'TR310';'35476'
'TR310';'35477'
'TR310';'35478'
'TR310';'35479'
'TR310';'35480'
'TR310';'35485'
'TR310';'35495'
'TR310';'35510'
'TR310';'35520'
'TR310';'35530'
'TR310';'35535'
'TR310';'35540'
'TR310';'35550'
'TR310';'35560'
'TR310';'35570'
'TR310';'35575'
'TR310';'35580'
'TR310';'35590'
'TR310';'35600'
'TR310';'35610'
'TR310';'35620'
'TR310';'35630'
'TR310';'35640'
'TR310';'35650'
'TR310';'35660'
'TR310';'35663'
'TR310';'35665'
'TR310';'35667'
'TR310';'35670'
'TR310';'35672'
'TR310';'35674'
'TR310';'35676'
'TR310';'35680'
'TR310';'35683'
'TR310';'35687'
'TR310';'35700'
'TR310';'35720'
'TR310';'35725'
'TR310';'35727'
'TR310';'35729'
'TR310';'35733'
'TR310';'35735'
'TR310';'35737'
'TR310';'35740'
'TR310';'35743'
'TR310';'35750'
'TR310';'35753'
'TR310';'35761'
'TR310';'35762'
'TR310';'35763'
'TR310';'35765'
'TR310';'35767'
'TR310';'35773'
'TR310';'35780'
'TR310';'35790'
'TR310';'35800'
'TR310';'35810'
'TR310';'35820'
'TR310';'35840'
'TR310';'35843'
'TR310';'35845'
'TR310';'35847'
'TR310';'35860'
'TR310';'35865'
'TR310';'35870'
'TR310';'35875'
'TR310';'35880'
'TR310';'35885'
'TR310';'35890'
'TR310';'35900'
'TR310';'35910'
'TR310';'35920'
'TR310';'35925'
'TR310';'35930'
'TR310';'35937'
'TR310';'35960'
'TR310';'35970'
'TR310';'35980'
'TR310';'35985'
'TR310';'35990'
'TR321';'09000'
'TR321';'09010'
'TR321';'09020'
'TR321';'09090'
'TR321';'09100'
'TR321';'09110'
'TR321';'09120'
'TR321';'09130'
'TR321';'09170'
'TR321';'09200'
'TR321';'09206'
'TR321';'09207'
'TR321';'09220'
'TR321';'09230'
'TR321';'09250'
'TR321';'09260'
'TR321';'09270'
'TR321';'09290'
'TR321';'09295'
'TR321';'09320'
'TR321';'09330'
'TR321';'09350'
'TR321';'09370'
'TR321';'09380'
'TR321';'09385'
'TR321';'09390'
'TR321';'09400'
'TR321';'09430'
'TR321';'09460'
'TR321';'09470'
'TR321';'09490'
'TR321';'09500'
'TR321';'09520'
'TR321';'09540'
'TR321';'09570'
'TR321';'09600'
'TR321';'09610'
'TR321';'09630'
'TR321';'09650'
'TR321';'09670'
'TR321';'09700'
'TR321';'09710'
'TR321';'09720'
'TR321';'09760'
'TR321';'09780'
'TR321';'09800'
'TR321';'09870'
'TR321';'09900'
'TR321';'09930'
'TR321';'09935'
'TR321';'09940'
'TR321';'09950'
'TR321';'09965'
'TR321';'09970'
'TR321';'09990'
'TR322';'20010'
'TR322';'20020'
'TR322';'20030'
'TR322';'20040'
'TR322';'20050'
'TR322';'20060'
'TR322';'20150'
'TR322';'20160'
'TR322';'20170'
'TR322';'20180'
'TR322';'20190'
'TR322';'20240'
'TR322';'20300'
'TR322';'20310'
'TR322';'20315'
'TR322';'20320'
'TR322';'20325'
'TR322';'20330'
'TR322';'20360'
'TR322';'20370'
'TR322';'20380'
'TR322';'20400'
'TR322';'20410'
'TR322';'20430'
'TR322';'20440'
'TR322';'20460'
'TR322';'20480'
'TR322';'20500'
'TR322';'20510'
'TR322';'20520'
'TR322';'20530'
'TR322';'20535'
'TR322';'20540'
'TR322';'20555'
'TR322';'20560'
'TR322';'20565'
'TR322';'20570'
'TR322';'20575'
'TR322';'20590'
'TR322';'20600'
'TR322';'20610'
'TR322';'20620'
'TR322';'20630'
'TR322';'20640'
'TR322';'20650'
'TR322';'20670'
'TR322';'20675'
'TR322';'20680'
'TR322';'20690'
'TR322';'20700'
'TR322';'20710'
'TR322';'20720'
'TR322';'20730'
'TR322';'20740'
'TR322';'20750'
'TR322';'20755'
'TR322';'20760'
'TR322';'20765'
'TR322';'20770'
'TR322';'20780'
'TR322';'20800'
'TR322';'20810'
'TR322';'20820'
'TR322';'20830'
'TR322';'20840'
'TR322';'20870'
'TR322';'20880'
'TR322';'20890'
'TR322';'20930'
'TR322';'20940'
'TR322';'20950'
'TR322';'20960'
'TR322';'20980'
'TR323';'48000'
'TR323';'48040'
'TR323';'48070'
'TR323';'48100'
'TR323';'48183'
'TR323';'48200'
'TR323';'48210'
'TR323';'48220'
'TR323';'48230'
'TR323';'48277'
'TR323';'48300'
'TR323';'48303'
'TR323';'48310'
'TR323';'48330'
'TR323';'48340'
'TR323';'48350'
'TR323';'48360'
'TR323';'48363'
'TR323';'48370'
'TR323';'48375'
'TR323';'48400'
'TR323';'48401'
'TR323';'48420'
'TR323';'48440'
'TR323';'48450'
'TR323';'48470'
'TR323';'48480'
'TR323';'48483'
'TR323';'48500'
'TR323';'48510'
'TR323';'48514'
'TR323';'48516'
'TR323';'48533'
'TR323';'48540'
'TR323';'48550'
'TR323';'48570'
'TR323';'48580'
'TR323';'48585'
'TR323';'48600'
'TR323';'48640'
'TR323';'48650'
'TR323';'48660'
'TR323';'48670'
'TR323';'48700'
'TR323';'48704'
'TR323';'48706'
'TR323';'48710'
'TR323';'48720'
'TR323';'48740'
'TR323';'48770'
'TR323';'48800'
'TR323';'48803'
'TR323';'48804'
'TR323';'48840'
'TR323';'48850'
'TR323';'48860'
'TR323';'48870'
'TR323';'48900'
'TR323';'48960'
'TR323';'48965'
'TR323';'48970'
'TR323';'48990'
'TR332';'03030'
'TR332';'03040'
'TR332';'03060'
'TR332';'03080'
'TR332';'03100'
'TR332';'03103'
'TR332';'03107'
'TR332';'03110'
'TR332';'03120'
'TR332';'03121'
'TR332';'03140'
'TR332';'03150'
'TR332';'03200'
'TR332';'03204'
'TR332';'03210'
'TR332';'03211'
'TR332';'03212'
'TR332';'03213'
'TR332';'03214'
'TR332';'03215'
'TR332';'03216'
'TR332';'03217'
'TR332';'03218'
'TR332';'03300'
'TR332';'03330'
'TR332';'03350'
'TR332';'03370'
'TR332';'03375'
'TR332';'03380'
'TR332';'03383'
'TR332';'03384'
'TR332';'03400'
'TR332';'03402'
'TR332';'03450'
'TR332';'03490'
'TR332';'03500'
'TR332';'03510'
'TR332';'03530'
'TR332';'03560'
'TR332';'03600'
'TR332';'03630'
'TR332';'03700'
'TR332';'03706'
'TR332';'03720'
'TR332';'03750'
'TR332';'03752'
'TR332';'03754'
'TR332';'03780'
'TR332';'03800'
'TR332';'03810'
'TR332';'03830'
'TR332';'03850'
'TR332';'03852'
'TR332';'03854'
'TR332';'03857'
'TR332';'03858'
'TR332';'03859'
'TR332';'03860'
'TR332';'03870'
'TR332';'03900'
'TR332';'03910'
'TR332';'03911'
'TR332';'03940'
'TR332';'03950'
'TR332';'03960'
'TR333';'43020'
'TR333';'43030'
'TR333';'43040'
'TR333';'43050'
'TR333';'43100'
'TR333';'43210'
'TR333';'43270'
'TR333';'43290'
'TR333';'43300'
'TR333';'43410'
'TR333';'43463'
'TR333';'43500'
'TR333';'43510'
'TR333';'43530'
'TR333';'43590'
'TR333';'43600'
'TR333';'43630'
'TR333';'43640'
'TR333';'43694'
'TR333';'43700'
'TR333';'43710'
'TR333';'43780'
'TR333';'43800'
'TR333';'43820'
'TR333';'43850'
'TR333';'43860'
'TR333';'43900'
'TR333';'43950'
'TR334';'64000'
'TR334';'64100'
'TR334';'64200'
'TR334';'64300'
'TR334';'64400'
'TR334';'64420'
'TR334';'64500'
'TR334';'64520'
'TR334';'64600'
'TR334';'64610'
'TR334';'64700'
'TR334';'64800'
'TR334';'64820'
'TR334';'64830'
'TR334';'64840'
'TR334';'64900'
'TR411';'10615'
'TR411';'16110'
'TR411';'16120'
'TR411';'16130'
'TR411';'16140'
'TR411';'16150'
'TR411';'16159'
'TR411';'16160'
'TR411';'16170'
'TR411';'16190'
'TR411';'16200'
'TR411';'16220'
'TR411';'16230'
'TR411';'16240'
'TR411';'16245'
'TR411';'16250'
'TR411';'16265'
'TR411';'16270'
'TR411';'16285'
'TR411';'16290'
'TR411';'16300'
'TR411';'16310'
'TR411';'16315'
'TR411';'16320'
'TR411';'16335'
'TR411';'16340'
'TR411';'16350'
'TR411';'16360'
'TR411';'16370'
'TR411';'16400'
'TR411';'16415'
'TR411';'16440'
'TR411';'16450'
'TR411';'16460'
'TR411';'16500'
'TR411';'16510'
'TR411';'16535'
'TR411';'16536'
'TR411';'16550'
'TR411';'16560'
'TR411';'16561'
'TR411';'16580'
'TR411';'16600'
'TR411';'16620'
'TR411';'16630'
'TR411';'16650'
'TR411';'16700'
'TR411';'16710'
'TR411';'16740'
'TR411';'16770'
'TR411';'16800'
'TR411';'16805'
'TR411';'16810'
'TR411';'16815'
'TR411';'16820'
'TR411';'16825'
'TR411';'16850'
'TR411';'16860'
'TR411';'16870'
'TR411';'16890'
'TR411';'16900'
'TR411';'16940'
'TR411';'16950'
'TR411';'16960'
'TR411';'16970'
'TR411';'16980'
'TR411';'16990'
'TR411';'77100'
'TR411';'78200'
'TR412';'06925'
'TR412';'26004'
'TR412';'26005'
'TR412';'26010'
'TR412';'26020'
'TR412';'26030'
'TR412';'26040'
'TR412';'26050'
'TR412';'26060'
'TR412';'26070'
'TR412';'26080'
'TR412';'26090'
'TR412';'26100'
'TR412';'26110'
'TR412';'26120'
'TR412';'26130'
'TR412';'26140'
'TR412';'26150'
'TR412';'26160'
'TR412';'26170'
'TR412';'26180'
'TR412';'26190'
'TR412';'26200'
'TR412';'26210'
'TR412';'26220'
'TR412';'26230'
'TR412';'26240'
'TR412';'26250'
'TR412';'26550'
'TR412';'26555'
'TR412';'26560'
'TR412';'26563'
'TR412';'26576'
'TR412';'26600'
'TR412';'26625'
'TR412';'26630'
'TR412';'26640'
'TR412';'26650'
'TR412';'26657'
'TR412';'26663'
'TR412';'26670'
'TR412';'26690'
'TR412';'26700'
'TR412';'26710'
'TR412';'26750'
'TR412';'26800'
'TR412';'26850'
'TR412';'26860'
'TR412';'26870'
'TR412';'26880'
'TR412';'26900'
'TR412';'26920'
'TR412';'26940'
'TR412';'26950'
'TR412';'26960'
'TR412';'26970'
'TR421';'34959'
'TR421';'41000'
'TR421';'41030'
'TR421';'41040'
'TR421';'41050'
'TR421';'41060'
'TR421';'41080'
'TR421';'41090'
'TR421';'41100'
'TR421';'41110'
'TR421';'41140'
'TR421';'41170'
'TR421';'41180'
'TR421';'41190'
'TR421';'41200'
'TR421';'41245'
'TR421';'41250'
'TR421';'41255'
'TR421';'41275'
'TR421';'41285'
'TR421';'41295'
'TR421';'41300'
'TR421';'41310'
'TR421';'41320'
'TR421';'41400'
'TR421';'41420'
'TR421';'41455'
'TR421';'41500'
'TR421';'41600'
'TR421';'41650'
'TR421';'41700'
'TR421';'41780'
'TR421';'41800'
'TR421';'41900'
'TR421';'41950'
'TR421';'77500'
'TR422';'54050'
'TR422';'54055'
'TR422';'54100'
'TR422';'54110'
'TR422';'54130'
'TR422';'54150'
'TR422';'54160'
'TR422';'54200'
'TR422';'54210'
'TR422';'54290'
'TR422';'54300'
'TR422';'54400'
'TR422';'54405'
'TR422';'54420'
'TR422';'54430'
'TR422';'54500'
'TR422';'54540'
'TR422';'54580'
'TR422';'54590'
'TR422';'54600'
'TR422';'54650'
'TR422';'54680'
'TR422';'54700'
'TR422';'54750'
'TR422';'54800'
'TR422';'54900'
'TR422';'54950'
'TR423';'81010'
'TR423';'81020'
'TR423';'81030'
'TR423';'81100'
'TR423';'81600'
'TR423';'81620'
'TR423';'81630'
'TR423';'81650'
'TR423';'81700'
'TR423';'81750'
'TR423';'81800'
'TR423';'81850'
'TR423';'81900'
'TR423';'81950'
'TR424';'14020'
'TR424';'14030'
'TR424';'14100'
'TR424';'14200'
'TR424';'14300'
'TR424';'14610'
'TR424';'14650'
'TR424';'14750'
'TR424';'14780'
'TR424';'14800'
'TR424';'14810'
'TR424';'14840'
'TR424';'14850'
'TR424';'14900'
'TR424';'14910'
'TR424';'67975'
'TR425';'77300'
'TR425';'77310'
'TR425';'77330'
'TR425';'77340'
'TR425';'77400'
'TR425';'77600'
'TR425';'77700'
'TR425';'77710'
'TR425';'77720'
'TR425';'77730'
'TR425';'77740'
'TR510';'06010'
'TR510';'06050'
'TR510';'06070'
'TR510';'06080'
'TR510';'06090'
'TR510';'06105'
'TR510';'06110'
'TR510';'06120'
'TR510';'06130'
'TR510';'06135'
'TR510';'06140'
'TR510';'06145'
'TR510';'06146'
'TR510';'06150'
'TR510';'06160'
'TR510';'06165'
'TR510';'06170'
'TR510';'06190'
'TR510';'06200'
'TR510';'06210'
'TR510';'06220'
'TR510';'06230'
'TR510';'06250'
'TR510';'06260'
'TR510';'06263'
'TR510';'06270'
'TR510';'06280'
'TR510';'06290'
'TR510';'06291'
'TR510';'06300'
'TR510';'06310'
'TR510';'06320'
'TR510';'06340'
'TR510';'06350'
'TR510';'06360'
'TR510';'06365'
'TR510';'06370'
'TR510';'06374'
'TR510';'06378'
'TR510';'06420'
'TR510';'06430'
'TR510';'06450'
'TR510';'06460'
'TR510';'06470'
'TR510';'06480'
'TR510';'06490'
'TR510';'06510'
'TR510';'06520'
'TR510';'06530'
'TR510';'06540'
'TR510';'06543'
'TR510';'06550'
'TR510';'06560'
'TR510';'06570'
'TR510';'06590'
'TR510';'06610'
'TR510';'06620'
'TR510';'06630'
'TR510';'06635'
'TR510';'06660'
'TR510';'06670'
'TR510';'06680'
'TR510';'06690'
'TR510';'06700'
'TR510';'06705'
'TR510';'06710'
'TR510';'06720'
'TR510';'06726'
'TR510';'06730'
'TR510';'06732'
'TR510';'06733'
'TR510';'06734'
'TR510';'06740'
'TR510';'06750'
'TR510';'06760'
'TR510';'06770'
'TR510';'06780'
'TR510';'06790'
'TR510';'06794'
'TR510';'06796'
'TR510';'06797'
'TR510';'06800'
'TR510';'06805'
'TR510';'06810'
'TR510';'06815'
'TR510';'06820'
'TR510';'06824'
'TR510';'06827'
'TR510';'06830'
'TR510';'06840'
'TR510';'06842'
'TR510';'06843'
'TR510';'06844'
'TR510';'06850'
'TR510';'06852'
'TR510';'06860'
'TR510';'06863'
'TR510';'06870'
'TR510';'06890'
'TR510';'06900'
'TR510';'06909'
'TR510';'06920'
'TR510';'06922'
'TR510';'06930'
'TR510';'06932'
'TR510';'06933'
'TR510';'06934'
'TR510';'06935'
'TR510';'06936'
'TR510';'06950'
'TR510';'06970'
'TR510';'06980'
'TR522';'33650'
'TR522';'70000'
'TR522';'70100'
'TR522';'70110'
'TR522';'70140'
'TR522';'70400'
'TR522';'70450'
'TR522';'70460'
'TR522';'70500'
'TR522';'70600'
'TR522';'70700'
'TR522';'70800'
'TR522';'70810'
'TR611';'07010'
'TR611';'07025'
'TR611';'07030'
'TR611';'07040'
'TR611';'07050'
'TR611';'07060'
'TR611';'07070'
'TR611';'07080'
'TR611';'07090'
'TR611';'07100'
'TR611';'07112'
'TR611';'07119'
'TR611';'07121'
'TR611';'07130'
'TR611';'07150'
'TR611';'07160'
'TR611';'07170'
'TR611';'07190'
'TR611';'07200'
'TR611';'07210'
'TR611';'07220'
'TR611';'07230'
'TR611';'07260'
'TR611';'07300'
'TR611';'07310'
'TR611';'07320'
'TR611';'07330'
'TR611';'07350'
'TR611';'07365'
'TR611';'07370'
'TR611';'07390'
'TR611';'07400'
'TR611';'07407'
'TR611';'07410'
'TR611';'07415'
'TR611';'07425'
'TR611';'07430'
'TR611';'07440'
'TR611';'07450'
'TR611';'07460'
'TR611';'07468'
'TR611';'07469'
'TR611';'07470'
'TR611';'07475'
'TR611';'07491'
'TR611';'07495'
'TR611';'07500'
'TR611';'07503'
'TR611';'07506'
'TR611';'07511'
'TR611';'07521'
'TR611';'07525'
'TR611';'07535'
'TR611';'07541'
'TR611';'07550'
'TR611';'07552'
'TR611';'07570'
'TR611';'07580'
'TR611';'07600'
'TR611';'07630'
'TR611';'07650'
'TR611';'07680'
'TR611';'07691'
'TR611';'07700'
'TR611';'07716'
'TR611';'07740'
'TR611';'07750'
'TR611';'07770'
'TR611';'07780'
'TR611';'07800'
'TR611';'07810'
'TR611';'07830'
'TR611';'07840'
'TR611';'07860'
'TR611';'07880'
'TR611';'07900'
'TR611';'07915'
'TR611';'07930'
'TR611';'07940'
'TR611';'07960'
'TR611';'07965'
'TR611';'07970'
'TR611';'07974'
'TR611';'07976'
'TR611';'07980'
'TR611';'07985'
'TR611';'07990'
'TR611';'07994'
'TR611';'07995'
'TR611';'18100'
'TR611';'27500'
'TR611';'27560'
'TR611';'27580'
'TR611';'27590'
'TR611';'99050'
'TR612';'32000'
'TR612';'32040'
'TR612';'32090'
'TR612';'32100'
'TR612';'32110'
'TR612';'32120'
'TR612';'32200'
'TR612';'32300'
'TR612';'32400'
'TR612';'32430'
'TR612';'32500'
'TR612';'32510'
'TR612';'32550'
'TR612';'32600'
'TR612';'32610'
'TR612';'32650'
'TR612';'32670'
'TR612';'32700'
'TR612';'32750'
'TR612';'32800'
'TR612';'32810'
'TR612';'32820'
'TR612';'32850'
'TR612';'32900'
'TR612';'32950'
'TR612';'33010'
'TR612';'33020'
'TR612';'33040'
'TR612';'33050'
'TR612';'33060'
'TR612';'33070'
'TR612';'33080'
'TR612';'33090'
'TR613';'15000'
'TR613';'15030'
'TR613';'15040'
'TR613';'15070'
'TR613';'15090'
'TR613';'15100'
'TR613';'15200'
'TR613';'15300'
'TR613';'15325'
'TR613';'15400'
'TR613';'15420'
'TR613';'15500'
'TR613';'15600'
'TR613';'15700'
'TR613';'15800'
'TR613';'15900'
'TR613';'15930'
'TR613';'20350'
'TR621';'01010'
'TR621';'01020'
'TR621';'01030'
'TR621';'01040'
'TR621';'01050'
'TR621';'01060'
'TR621';'01070'
'TR621';'01080'
'TR621';'01100'
'TR621';'01110'
'TR621';'01120'
'TR621';'01130'
'TR621';'01140'
'TR621';'01150'
'TR621';'01160'
'TR621';'01170'
'TR621';'01180'
'TR621';'01190'
'TR621';'01200'
'TR621';'01220'
'TR621';'01230'
'TR621';'01240'
'TR621';'01250'
'TR621';'01260'
'TR621';'01280'
'TR621';'01285'
'TR621';'01316'
'TR621';'01340'
'TR621';'01350'
'TR621';'01355'
'TR621';'01358'
'TR621';'01360'
'TR621';'01365'
'TR621';'01370'
'TR621';'01375'
'TR621';'01380'
'TR621';'01390'
'TR621';'01400'
'TR621';'01410'
'TR621';'01415'
'TR621';'01430'
'TR621';'01460'
'TR621';'01470'
'TR621';'01490'
'TR621';'01500'
'TR621';'01510'
'TR621';'01530'
'TR621';'01540'
'TR621';'01555'
'TR621';'01640'
'TR621';'01660'
'TR621';'01680'
'TR621';'01700'
'TR621';'01720'
'TR621';'01740'
'TR621';'01770'
'TR621';'01780'
'TR621';'01790'
'TR621';'01900'
'TR621';'01920'
'TR621';'01930'
'TR621';'01940'
'TR621';'01950'
'TR621';'01960'
'TR621';'80900'
'TR631';'31001'
'TR631';'31027'
'TR631';'31030'
'TR631';'31035'
'TR631';'31040'
'TR631';'31060'
'TR631';'31070'
'TR631';'31080'
'TR631';'31115'
'TR631';'31120'
'TR631';'31135'
'TR631';'31141'
'TR631';'31145'
'TR631';'31150'
'TR631';'31158'
'TR631';'31160'
'TR631';'31175'
'TR631';'31180'
'TR631';'31185'
'TR631';'31190'
'TR631';'31196'
'TR631';'31200'
'TR631';'31215'
'TR631';'31217'
'TR631';'31218'
'TR631';'31225'
'TR631';'31230'
'TR631';'31240'
'TR631';'31241'
'TR631';'31245'
'TR631';'31270'
'TR631';'31275'
'TR631';'31280'
'TR631';'31285'
'TR631';'31290'
'TR631';'31300'
'TR631';'31350'
'TR631';'31440'
'TR631';'31445'
'TR631';'31500'
'TR631';'31520'
'TR631';'31550'
'TR631';'31553'
'TR631';'31557'
'TR631';'31560'
'TR631';'31600'
'TR631';'31620'
'TR631';'31630'
'TR631';'31670'
'TR631';'31690'
'TR631';'31700'
'TR631';'31706'
'TR631';'31710'
'TR631';'31715'
'TR631';'31720'
'TR631';'31750'
'TR631';'31753'
'TR631';'31755'
'TR631';'31757'
'TR631';'31785'
'TR631';'31795'
'TR631';'31800'
'TR631';'31810'
'TR631';'31815'
'TR631';'31820'
'TR631';'31825'
'TR631';'31835'
'TR631';'31855'
'TR631';'31865'
'TR631';'31880'
'TR631';'31885'
'TR631';'31900'
'TR631';'31960'
'TR631';'80950'
'TR632';'27821'
'TR632';'46000'
'TR632';'46030'
'TR632';'46040'
'TR632';'46050'
'TR632';'46080'
'TR632';'46090'
'TR632';'46100'
'TR632';'46110'
'TR632';'46120'
'TR632';'46130'
'TR632';'46140'
'TR632';'46145'
'TR632';'46150'
'TR632';'46160'
'TR632';'46170'
'TR632';'46180'
'TR632';'46185'
'TR632';'46190'
'TR632';'46200'
'TR632';'46216'
'TR632';'46266'
'TR632';'46300'
'TR632';'46320'
'TR632';'46328'
'TR632';'46330'
'TR632';'46340'
'TR632';'46350'
'TR632';'46357'
'TR632';'46360'
'TR632';'46370'
'TR632';'46371'
'TR632';'46372'
'TR632';'46373'
'TR632';'46376'
'TR632';'46380'
'TR632';'46390'
'TR632';'46400'
'TR632';'46410'
'TR632';'46420'
'TR632';'46430'
'TR632';'46500'
'TR632';'46540'
'TR632';'46550'
'TR632';'46556'
'TR632';'46566'
'TR632';'46567'
'TR632';'46570'
'TR632';'46576'
'TR632';'46577'
'TR632';'46580'
'TR632';'46600'
'TR632';'46610'
'TR632';'46620'
'TR632';'46630'
'TR632';'46640'
'TR632';'46650'
'TR632';'46660'
'TR632';'46670'
'TR632';'46700'
'TR632';'46710'
'TR632';'46720'
'TR632';'46730'
'TR632';'46750'
'TR632';'46760'
'TR632';'46770'
'TR632';'46780'
'TR632';'46800'
'TR632';'46810'
'TR632';'46820'
'TR632';'46830'
'TR632';'46840'
'TR633';'80000'
'TR633';'80010'
'TR633';'80020'
'TR633';'80030'
'TR633';'80440'
'TR633';'80500'
'TR633';'80600'
'TR633';'80710'
'TR633';'80720'
'TR633';'80730'
'TR633';'80740'
'TR633';'80750'
'TR633';'80760'
'TR633';'80850'
'TR633';'80940'
'TR633';'80990'
'TR633';'99670'
'TR633';'99675'
'TR633';'99690'
'TR711';'71000'
'TR711';'71100'
'TR711';'71200'
'TR711';'71300'
'TR711';'71400'
'TR711';'71450'
'TR711';'71451'
'TR711';'71460'
'TR711';'71500'
'TR711';'71520'
'TR711';'71670'
'TR711';'71700'
'TR711';'71800'
'TR711';'71810'
'TR711';'71860'
'TR711';'71900'
'TR712';'06940'
'TR712';'06946'
'TR712';'06949'
'TR712';'68000'
'TR712';'68100'
'TR712';'68105'
'TR712';'68120'
'TR712';'68135'
'TR712';'68165'
'TR712';'68180'
'TR712';'68190'
'TR712';'68200'
'TR712';'68220'
'TR712';'68230'
'TR712';'68270'
'TR712';'68400'
'TR712';'68500'
'TR712';'68570'
'TR712';'68600'
'TR712';'68700'
'TR712';'68800'
'TR712';'68801'
'TR712';'68900'
'TR712';'68910'
'TR712';'68940'
'TR713';'51000'
'TR713';'51010'
'TR713';'51030'
'TR713';'51040'
'TR713';'51070'
'TR713';'51080'
'TR713';'51085'
'TR713';'51100'
'TR713';'51110'
'TR713';'51200'
'TR713';'51280'
'TR713';'51600'
'TR713';'51603'
'TR713';'51604'
'TR713';'51660'
'TR713';'51700'
'TR713';'51710'
'TR713';'51720'
'TR713';'51730'
'TR713';'51800'
'TR713';'51810'
'TR713';'51815'
'TR713';'51816'
'TR713';'51900'
'TR715';'40000'
'TR715';'40020'
'TR715';'40060'
'TR715';'40080'
'TR715';'40100'
'TR715';'40200'
'TR715';'40300'
'TR715';'40320'
'TR715';'40390'
'TR715';'40500'
'TR715';'40700'
'TR715';'40720'
'TR715';'40730'
'TR715';'99040'
'TR721';'38010'
'TR721';'38020'
'TR721';'38030'
'TR721';'38039'
'TR721';'38040'
'TR721';'38050'
'TR721';'38060'
'TR721';'38070'
'TR721';'38080'
'TR721';'38090'
'TR721';'38100'
'TR721';'38110'
'TR721';'38125'
'TR721';'38160'
'TR721';'38180'
'TR721';'38210'
'TR721';'38220'
'TR721';'38225'
'TR721';'38280'
'TR721';'38290'
'TR721';'38310'
'TR721';'38350'
'TR721';'38400'
'TR721';'38500'
'TR721';'38560'
'TR721';'38580'
'TR721';'38600'
'TR721';'38660'
'TR721';'38700'
'TR721';'38730'
'TR721';'38750'
'TR721';'38770'
'TR721';'38800'
'TR721';'38820'
'TR721';'38830'
'TR721';'38835'
'TR721';'38850'
'TR721';'38860'
'TR721';'38900'
'TR721';'38940'
'TR721';'99610'
'TR721';'99630'
'TR721';'99635'
'TR721';'99655'
'TR721';'99660'
'TR721';'99665'
'TR721';'99680'
'TR722';'16010'
'TR722';'16020'
'TR722';'16030'
'TR722';'16040'
'TR722';'16050'
'TR722';'16060'
'TR722';'16080'
'TR722';'16090'
'TR722';'38840'
'TR722';'58000'
'TR722';'58010'
'TR722';'58020'
'TR722';'58030'
'TR722';'58040'
'TR722';'58050'
'TR722';'58060'
'TR722';'58070'
'TR722';'58080'
'TR722';'58140'
'TR722';'58300'
'TR722';'58380'
'TR722';'58400'
'TR722';'58430'
'TR722';'58470'
'TR722';'58500'
'TR722';'58520'
'TR722';'58525'
'TR722';'58550'
'TR722';'58580'
'TR722';'58600'
'TR722';'58640'
'TR722';'58660'
'TR722';'58700'
'TR722';'58760'
'TR722';'58780'
'TR722';'58800'
'TR722';'58840'
'TR722';'58880'
'TR722';'58900'
'TR722';'58980'
'TR722';'70200'
'TR722';'99100'
'TR722';'99150'
'TR722';'99190'
'TR723';'66000'
'TR723';'66100'
'TR723';'66300'
'TR723';'66320'
'TR723';'66400'
'TR723';'66470'
'TR723';'66475'
'TR723';'66500'
'TR723';'66510'
'TR723';'66540'
'TR723';'66600'
'TR723';'66620'
'TR723';'66650'
'TR723';'66700'
'TR723';'66710'
'TR723';'66720'
'TR723';'66740'
'TR723';'66800'
'TR723';'66900'
'TR723';'99650'
'TR723';'99790'
'TR811';'67000'
'TR811';'67010'
'TR811';'67020'
'TR811';'67030'
'TR811';'67040'
'TR811';'67100'
'TR811';'67150'
'TR811';'67155'
'TR811';'67170'
'TR811';'67300'
'TR811';'67350'
'TR811';'67380'
'TR811';'67390'
'TR811';'67500'
'TR811';'67510'
'TR811';'67600'
'TR811';'67620'
'TR811';'67670'
'TR811';'67680'
'TR811';'67800'
'TR811';'67825'
'TR811';'67830'
'TR811';'67850'
'TR811';'67900'
'TR811';'67960'
'TR811';'67970'
'TR811';'67980'
'TR813';'67160'
'TR813';'67660'
'TR813';'67965'
'TR813';'74100'
'TR813';'74110'
'TR813';'74200'
'TR813';'74250'
'TR813';'74300'
'TR813';'74310'
'TR813';'74400'
'TR813';'74410'
'TR813';'74500'
'TR813';'74510'
'TR813';'74600'
'TR813';'74610'
'TR821';'37100'
'TR821';'37150'
'TR821';'37200'
'TR821';'37210'
'TR821';'37250'
'TR821';'37270'
'TR821';'37300'
'TR821';'37400'
'TR821';'37450'
'TR821';'37500'
'TR821';'37550'
'TR821';'37600'
'TR821';'37650'
'TR821';'37680'
'TR821';'37700'
'TR821';'37750'
'TR821';'37770'
'TR821';'37800'
'TR821';'37830'
'TR821';'37850'
'TR821';'37870'
'TR821';'37900'
'TR821';'37920'
'TR821';'37940'
'TR821';'37970'
'TR821';'78100'
'TR821';'99200'
'TR821';'99280'
'TR822';'18000'
'TR822';'18200'
'TR822';'18260'
'TR822';'18280'
'TR822';'18300'
'TR822';'18310'
'TR822';'18315'
'TR822';'18320'
'TR822';'18400'
'TR822';'18600'
'TR822';'18650'
'TR822';'18700'
'TR822';'18800'
'TR822';'18900'
'TR822';'99290'
'TR823';'57000'
'TR823';'57200'
'TR823';'57300'
'TR823';'57400'
'TR823';'57600'
'TR823';'57660'
'TR823';'57700'
'TR823';'57800'
'TR823';'57900'
'TR823';'77200'
'TR823';'77210'
'TR823';'99250'
'TR823';'99700'
'TR831';'55000'
'TR831';'55020'
'TR831';'55030'
'TR831';'55040'
'TR831';'55050'
'TR831';'55060'
'TR831';'55070'
'TR831';'55080'
'TR831';'55090'
'TR831';'55100'
'TR831';'55200'
'TR831';'55270'
'TR831';'55300'
'TR831';'55310'
'TR831';'55320'
'TR831';'55330'
'TR831';'55400'
'TR831';'55420'
'TR831';'55421'
'TR831';'55430'
'TR831';'55431'
'TR831';'55440'
'TR831';'55500'
'TR831';'55506'
'TR831';'55507'
'TR831';'55510'
'TR831';'55515'
'TR831';'55530'
'TR831';'55550'
'TR831';'55600'
'TR831';'55700'
'TR831';'55702'
'TR831';'55715'
'TR831';'55760'
'TR831';'55800'
'TR831';'55810'
'TR831';'55850'
'TR831';'55860'
'TR831';'55900'
'TR831';'99750'
'TR832';'60000'
'TR832';'60030'
'TR832';'60100'
'TR832';'60200'
'TR832';'60230'
'TR832';'60235'
'TR832';'60240'
'TR832';'60255'
'TR832';'60300'
'TR832';'60320'
'TR832';'60400'
'TR832';'60500'
'TR832';'60515'
'TR832';'60540'
'TR832';'60600'
'TR832';'60620'
'TR832';'60625'
'TR832';'60630'
'TR832';'60640'
'TR832';'60645'
'TR832';'60650'
'TR832';'60670'
'TR832';'60700'
'TR832';'60710'
'TR832';'60715'
'TR832';'60720'
'TR832';'60730'
'TR832';'60740'
'TR832';'60800'
'TR832';'60820'
'TR832';'60860'
'TR832';'60870'
'TR832';'60900'
'TR832';'60915'
'TR832';'60930'
'TR832';'60940'
'TR832';'60950'
'TR832';'99500'
'TR832';'99520'
'TR832';'99550'
'TR832';'99900'
'TR832';'99910'
'TR832';'99920'
'TR832';'99950'
'TR832';'99970'
'TR834';'05000'
'TR834';'05100'
'TR834';'05110'
'TR834';'05200'
'TR834';'05240'
'TR834';'05300'
'TR834';'05500'
'TR834';'05700'
'TR834';'05720'
'TR834';'05800'
'TR834';'05845'
'TR834';'05900'
'TR834';'60525'
'TR834';'99770'
'TR834';'99780'
'TR901';'61000'
'TR901';'61010'
'TR901';'61030'
'TR901';'61040'
'TR901';'61080'
'TR901';'61100'
'TR901';'61170'
'TR901';'61180'
'TR901';'61195'
'TR901';'61200'
'TR901';'61220'
'TR901';'61230'
'TR901';'61250'
'TR901';'61270'
'TR901';'61280'
'TR901';'61290'
'TR901';'61300'
'TR901';'61310'
'TR901';'61380'
'TR901';'61390'
'TR901';'61400'
'TR901';'61410'
'TR901';'61420'
'TR901';'61450'
'TR901';'61470'
'TR901';'61500'
'TR901';'61510'
'TR901';'61530'
'TR901';'61560'
'TR901';'61570'
'TR901';'61580'
'TR901';'61585'
'TR901';'61600'
'TR901';'61630'
'TR901';'61670'
'TR901';'61700'
'TR901';'61720'
'TR901';'61750'
'TR901';'61770'
'TR901';'61800'
'TR901';'61820'
'TR901';'61827'
'TR901';'61830'
'TR901';'61850'
'TR901';'61900'
'TR901';'61910'
'TR901';'61915'
'TR901';'61930'
'TR901';'61940'
'TR901';'61950'
'TR902';'52000'
'TR902';'52010'
'TR902';'52020'
'TR902';'52100'
'TR902';'52200'
'TR902';'52300'
'TR902';'52310'
'TR902';'52320'
'TR902';'52330'
'TR902';'52340'
'TR902';'52350'
'TR902';'52400'
'TR902';'52410'
'TR902';'52420'
'TR902';'52430'
'TR902';'52440'
'TR902';'52460'
'TR902';'52500'
'TR902';'52510'
'TR902';'52520'
'TR902';'52600'
'TR902';'52610'
'TR902';'52700'
'TR902';'52710'
'TR902';'52750'
'TR902';'52760'
'TR902';'52800'
'TR902';'52850'
'TR902';'52900'
'TR902';'52950'
'TR902';'52960'
'TR903';'28000'
'TR903';'28030'
'TR903';'28100'
'TR903';'28200'
'TR903';'28300'
'TR903';'28310'
'TR903';'28340'
'TR903';'28400'
'TR903';'28500'
'TR903';'28510'
'TR903';'28520'
'TR903';'28600'
'TR903';'28610'
'TR903';'28700'
'TR903';'28710'
'TR903';'28800'
'TR903';'28810'
'TR903';'28820'
'TR903';'28850'
'TR903';'28900'
'TR903';'28950'
'TR904';'53020'
'TR904';'53200'
'TR904';'53210'
'TR904';'53220'
'TR904';'53260'
'TR904';'53270'
'TR904';'53300'
'TR904';'53340'
'TR904';'53350'
'TR904';'53390'
'TR904';'53400'
'TR904';'53480'
'TR904';'53490'
'TR904';'53500'
'TR904';'53540'
'TR904';'53550'
'TR904';'53560'
'TR904';'53600'
'TR904';'53610'
'TR904';'53620'
'TR904';'53650'
'TR904';'53690'
'TR904';'53700'
'TR904';'53740'
'TR904';'53750'
'TR904';'53780'
'TR904';'53800'
'TR904';'53870'
'TR904';'53900'
'TR904';'53940'
'TR904';'53950'
'TR904';'99880'
'TR906';'29000'
'TR906';'29100'
'TR906';'29150'
'TR906';'29200'
'TR906';'29600'
'TR906';'29650'
'TR906';'29700'
'TR906';'29800'
'TR906';'29810'
'TR906';'29830'
'TR906';'99800'
'TR906';'99810'
'TR906';'99850'
'TR906';'99860'
'TR906';'99870'
'TR906';'99890'
'TRA11';'25010'
'TRA11';'25030'
'TRA11';'25040'
'TRA11';'25050'
'TRA11';'25060'
'TRA11';'25070'
'TRA11';'25080'
'TRA11';'25090'
'TRA11';'25100'
'TRA11';'25200'
'TRA11';'25240'
'TRA11';'25300'
'TRA11';'25320'
'TRA11';'25340'
'TRA11';'25360'
'TRA11';'25370'
'TRA11';'25380'
'TRA11';'25390'
'TRA11';'25400'
'TRA11';'25430'
'TRA11';'25440'
'TRA11';'25460'
'TRA11';'25470'
'TRA11';'25480'
'TRA11';'25500'
'TRA11';'25530'
'TRA11';'25534'
'TRA11';'25560'
'TRA11';'25600'
'TRA11';'25610'
'TRA11';'25650'
'TRA11';'25680'
'TRA11';'25700'
'TRA11';'25750'
'TRA11';'25760'
'TRA11';'25800'
'TRA11';'25830'
'TRA11';'25840'
'TRA11';'25900'
'TRA11';'25930'
'TRA11';'25940'
'TRA12';'24002'
'TRA12';'24036'
'TRA12';'24045'
'TRA12';'24050'
'TRA12';'24100'
'TRA12';'24139'
'TRA12';'24140'
'TRA12';'24143'
'TRA12';'24150'
'TRA12';'24160'
'TRA12';'24170'
'TRA12';'24180'
'TRA12';'24300'
'TRA12';'24400'
'TRA12';'24500'
'TRA12';'24503'
'TRA12';'24510'
'TRA12';'24515'
'TRA12';'24600'
'TRA12';'24610'
'TRA12';'24620'
'TRA12';'24700'
'TRA12';'24710'
'TRA12';'24800'
'TRA12';'24860'
'TRA12';'24870'
'TRA12';'24880'
'TRA13';'69000'
'TRA13';'69300'
'TRA13';'69400'
'TRA13';'69450'
'TRA13';'69500'
'TRA21';'04000'
'TRA21';'04100'
'TRA21';'04200'
'TRA21';'04400'
'TRA21';'04500'
'TRA21';'04600'
'TRA21';'04700'
'TRA21';'04800'
'TRA21';'04850'
'TRA21';'04900'
'TRA21';'04950'
'TRA22';'36000'
'TRA22';'36500'
'TRA22';'36670'
'TRA22';'36680'
'TRA22';'36700'
'TRA22';'36730'
'TRA22';'36760'
'TRA22';'36780'
'TRA22';'36900'
'TRA24';'75000'
'TRA24';'75400'
'TRA24';'75600'
'TRA24';'75700'
'TRA24';'75800'
'TRA24';'75900'
'TRB11';'44000'
'TRB11';'44050'
'TRB11';'44070'
'TRB11';'44080'
'TRB11';'44090'
'TRB11';'44100'
'TRB11';'44110'
'TRB11';'44120'
'TRB11';'44170'
'TRB11';'44180'
'TRB11';'44200'
'TRB11';'44210'
'TRB11';'44230'
'TRB11';'44280'
'TRB11';'44300'
'TRB11';'44310'
'TRB11';'44320'
'TRB11';'44350'
'TRB11';'44370'
'TRB11';'44400'
'TRB11';'44410'
'TRB11';'44420'
'TRB11';'44430'
'TRB11';'44500'
'TRB11';'44510'
'TRB11';'44520'
'TRB11';'44530'
'TRB11';'44540'
'TRB11';'44600'
'TRB11';'44700'
'TRB11';'44705'
'TRB11';'44710'
'TRB11';'44720'
'TRB11';'44730'
'TRB11';'44740'
'TRB11';'44750'
'TRB11';'44760'
'TRB11';'44800'
'TRB11';'44850'
'TRB11';'44880'
'TRB11';'44900'
'TRB11';'44910'
'TRB11';'44915'
'TRB11';'44920'
'TRB11';'44960'
'TRB11';'99440'
'TRB12';'23040'
'TRB12';'23050'
'TRB12';'23090'
'TRB12';'23100'
'TRB12';'23180'
'TRB12';'23190'
'TRB12';'23200'
'TRB12';'23250'
'TRB12';'23270'
'TRB12';'23280'
'TRB12';'23300'
'TRB12';'23350'
'TRB12';'23400'
'TRB12';'23410'
'TRB12';'23500'
'TRB12';'23510'
'TRB12';'23530'
'TRB12';'23600'
'TRB12';'23700'
'TRB12';'23800'
'TRB12';'23850'
'TRB12';'23900'
'TRB12';'23960'
'TRB12';'99400'
'TRB12';'99420'
'TRB12';'99450'
'TRB12';'99620'
'TRB13';'12000'
'TRB13';'12300'
'TRB13';'12400'
'TRB13';'12500'
'TRB13';'12600'
'TRB13';'12650'
'TRB13';'12700'
'TRB13';'12800'
'TRB13';'12830'
'TRB13';'12900'
'TRB13';'99410'
'TRB14';'62000'
'TRB14';'62400'
'TRB14';'62500'
'TRB14';'62600'
'TRB14';'62700'
'TRB14';'62710'
'TRB14';'62800'
'TRB14';'62900'
'TRB14';'62950'
'TRB22';'49090'
'TRB22';'49100'
'TRB22';'49120'
'TRB22';'49150'
'TRB22';'49160'
'TRB22';'49200'
'TRB22';'49240'
'TRB22';'49250'
'TRB22';'49300'
'TRB22';'49400'
'TRB22';'49420'
'TRB22';'49500'
'TRB22';'49510'
'TRB22';'49530'
'TRB22';'49540'
'TRB22';'49600'
'TRB22';'49610'
'TRB22';'49620'
'TRB22';'49700'
'TRB22';'49730'
'TRB22';'49800'
'TRB23';'13000'
'TRB23';'13200'
'TRB23';'13400'
'TRB23';'13500'
'TRB23';'13600'
'TRB23';'13700'
'TRB23';'13800'
'TRB23';'13810'
'TRB24';'30000'
'TRB24';'30110'
'TRB24';'30300'
'TRB24';'30330'
'TRB24';'30700'
'TRB24';'30800'
'TRC11';'27000'
'TRC11';'27010'
'TRC11';'27080'
'TRC11';'27090'
'TRC11';'27100'
'TRC11';'27110'
'TRC11';'27200'
'TRC11';'27220'
'TRC11';'27240'
'TRC11';'27245'
'TRC11';'27260'
'TRC11';'27270'
'TRC11';'27300'
'TRC11';'27400'
'TRC11';'27410'
'TRC11';'27470'
'TRC11';'27600'
'TRC11';'27610'
'TRC11';'27630'
'TRC11';'27650'
'TRC11';'27655'
'TRC11';'27660'
'TRC11';'27700'
'TRC11';'27720'
'TRC11';'27725'
'TRC11';'27800'
'TRC11';'27805'
'TRC11';'27810'
'TRC11';'27815'
'TRC11';'27840'
'TRC11';'27845'
'TRC11';'27850'
'TRC11';'27880'
'TRC11';'27900'
'TRC11';'27910'
'TRC11';'27920'
'TRC11';'27970'
'TRC12';'02000'
'TRC12';'02030'
'TRC12';'02040'
'TRC12';'02100'
'TRC12';'02200'
'TRC12';'02230'
'TRC12';'02240'
'TRC12';'02270'
'TRC12';'02290'
'TRC12';'02300'
'TRC12';'02320'
'TRC12';'02330'
'TRC12';'02340'
'TRC12';'02346'
'TRC12';'02348'
'TRC12';'02350'
'TRC12';'02400'
'TRC12';'02440'
'TRC12';'02450'
'TRC12';'02500'
'TRC12';'02520'
'TRC12';'02530'
'TRC12';'02540'
'TRC12';'02600'
'TRC12';'02610'
'TRC12';'02700'
'TRC12';'02800'
'TRC12';'02900'
'TRC12';'02920'
'TRC12';'27060'
'TRC12';'27620'
'TRC12';'44060'
'TRC13';'79000'
'TRC13';'79500'
'TRC13';'79600'
'TRC13';'79700'
'TRC22';'21010'
'TRC22';'21050'
'TRC22';'21070'
'TRC22';'21076'
'TRC22';'21080'
'TRC22';'21090'
'TRC22';'21100'
'TRC22';'21120'
'TRC22';'21200'
'TRC22';'21280'
'TRC22';'21300'
'TRC22';'21310'
'TRC22';'21450'
'TRC22';'21470'
'TRC22';'21500'
'TRC22';'21510'
'TRC22';'21520'
'TRC22';'21560'
'TRC22';'21600'
'TRC22';'21640'
'TRC22';'21700'
'TRC22';'21750'
'TRC22';'21800'
'TRC22';'21830'
'TRC22';'21870'
'TRC22';'21900'
'TRC22';'21950'
'TRC31';'47060'
'TRC31';'47080'
'TRC31';'47100'
'TRC31';'47200'
'TRC31';'47300'
'TRC31';'47320'
'TRC31';'47400'
'TRC31';'47440'
'TRC31';'47460'
'TRC31';'47465'
'TRC31';'47500'
'TRC31';'47510'
'TRC31';'47520'
'TRC31';'47530'
'TRC31';'47545'
'TRC31';'47547'
'TRC31';'47570'
'TRC31';'47650'
'TRC31';'47700'
'TRC31';'47750'
'TRC31';'47800'
'TRC31';'47860'
'TRC31';'47880'
'TRC32';'47420'
'TRC32';'47535'
'TRC32';'72000'
'TRC32';'72040'
'TRC32';'72050'
'TRC32';'72060'
'TRC32';'72070'
'TRC32';'72200'
'TRC32';'72240'
'TRC32';'72300'
'TRC32';'72310'
'TRC32';'72350'
'TRC32';'72400'
'TRC32';'72500'
'TRC33';'73000'
'TRC33';'73200'
'TRC33';'73300'
'TRC33';'73400'
'TRC33';'73420'
'TRC33';'73600'
'TRC33';'73620'
'TRC33';'73660'
'TRC33';'73700'
'TRC33';'73710'
'TRC33';'73800'
'TRC34';'56100'
'TRC34';'56210'
'TRC34';'56220'
'TRC34';'56460'
'TRC34';'56470'
'TRC34';'56500'
'TRC34';'56540'
'TRC34';'56700'
'TRC34';'56760'
'TRC34';'56800'
'TRC34';'56870'
'TR213';'39000'
'TR213';'39060'
'TR213';'39100'
'TR213';'39200'
'TR213';'39300'
'TR213';'39400'
'TR213';'39500'
'TR213';'39570'
'TR213';'39600'
'TR213';'39640'
'TR213';'39650'
'TR213';'39700'
'TR213';'39750'
'TR213';'39770'
'TR213';'39780'
'TR213';'39790'
'TR331';'35715'
'TR331';'35730'
'TR331';'35755'
'TR331';'45000'
'TR331';'45010'
'TR331';'45020'
'TR331';'45030'
'TR331';'45040'
'TR331';'45060'
'TR331';'45070'
'TR331';'45072'
'TR331';'45080'
'TR331';'45090'
'TR331';'45110'
'TR331';'45120'
'TR331';'45125'
'TR331';'45140'
'TR331';'45150'
'TR331';'45170'
'TR331';'45180'
'TR331';'45200'
'TR331';'45215'
'TR331';'45230'
'TR331';'45240'
'TR331';'45250'
'TR331';'45260'
'TR331';'45280'
'TR331';'45300'
'TR331';'45310'
'TR331';'45320'
'TR331';'45325'
'TR331';'45330'
'TR331';'45340'
'TR331';'45350'
'TR331';'45370'
'TR331';'45400'
'TR331';'45420'
'TR331';'45450'
'TR331';'45470'
'TR331';'45500'
'TR331';'45510'
'TR331';'45520'
'TR331';'45530'
'TR331';'45540'
'TR331';'45560'
'TR331';'45580'
'TR331';'45600'
'TR331';'45610'
'TR331';'45615'
'TR331';'45620'
'TR331';'45630'
'TR331';'45650'
'TR331';'45660'
'TR331';'45700'
'TR331';'45707'
'TR331';'45720'
'TR331';'45730'
'TR331';'45740'
'TR331';'45750'
'TR331';'45760'
'TR331';'45770'
'TR331';'45800'
'TR331';'45804'
'TR331';'45805'
'TR331';'45810'
'TR331';'45815'
'TR331';'45820'
'TR331';'45830'
'TR331';'45835'
'TR331';'45840'
'TR331';'45850'
'TR331';'45860'
'TR331';'45870'
'TR331';'45880'
'TR331';'45890'
'TR331';'45900'
'TR331';'45930'
'TR331';'45940'
'TR331';'45970'
'TR413';'11000'
'TR413';'11130'
'TR413';'11230'
'TR413';'11300'
'TR413';'11460'
'TR413';'11500'
'TR413';'11600'
'TR413';'11640'
'TR413';'11700'
'TR413';'11780'
'TR413';'11800'